Target,Source
AAR,AGP
AAR,ALC
AAR,GRO
AAR,RYG
AAR,STN
ABZ,DUB
ACE,BHX
ACE,BOH
ACE,BRS
ACE,CRL
ACE,DUB
ACE,EDI
ACE,EMA
ACE,GRO
ACE,HHN
ACE,LPL
ACE,LTN
ACE,MAD
ACE,NRN
ACE,ORK
ACE,PIK
ACE,STN
AGP,AAR
AGP,BGY
AGP,BHX
AGP,BLL
AGP,BLQ
AGP,BOH
AGP,BRE
AGP,BRS
AGP,BTS
AGP,BVA
AGP,CRL
AGP,DUB
AGP,EDI
AGP,EIN
AGP,EMA
AGP,FMM
AGP,GRO
AGP,GSE
AGP,HAU
AGP,HHN
AGP,KRK
AGP,LBA
AGP,LPL
AGP,MRS
AGP,MST
AGP,NRN
AGP,NYO
AGP,ORK
AGP,PIK
AGP,PSA
AGP,RYG
AGP,SCQ
AGP,SDR
AGP,SNN
AGP,STN
AGP,SXF
AGP,TMP
AGP,TRF
AGP,TSF
AGP,VLC
AGP,VLL
AGP,WRO
AGP,ZAZ
AHO,AOI
AHO,BGY
AHO,BLL
AHO,BRE
AHO,BTS
AHO,CIA
AHO,DUB
AHO,EIN
AHO,FMM
AHO,GRO
AHO,GSE
AHO,HHN
AHO,MAD
AHO,NRN
AHO,NYO
AHO,PMF
AHO,PSA
AHO,STN
AHO,TRF
AHO,TSF
ALC,AAR
ALC,AOC
ALC,BGY
ALC,BHX
ALC,BLL
ALC,BLQ
ALC,BOH
ALC,BRE
ALC,BRS
ALC,BTS
ALC,BVA
ALC,CRL
ALC,DSA
ALC,DUB
ALC,EDI
ALC,EIN
ALC,EMA
ALC,FKB
ALC,FMM
ALC,GDN
ALC,GSE
ALC,HAU
ALC,HHN
ALC,KIR
ALC,KRK
ALC,LBA
ALC,LBC
ALC,LDY
ALC,LGW
ALC,LPL
ALC,MAD
ALC,MME
ALC,MST
ALC,NOC
ALC,NQY
ALC,NRK
ALC,NRN
ALC,NYO
ALC,ORK
ALC,PIK
ALC,PMI
ALC,POZ
ALC,PSA
ALC,RYG
ALC,SCQ
ALC,SDR
ALC,STN
ALC,SVQ
ALC,TRF
ALC,TSF
ALC,VLL
ALC,VST
ALC,VXO
ALC,WRO
ALC,ZAZ
AOC,ALC
AOC,GRO
AOC,STN
AOI,AHO
AOI,CRL
AOI,NRN
AOI,STN
AOI,TPS
BDS,BGY
BDS,BLL
BDS,BLQ
BDS,CRL
BDS,EIN
BDS,GRO
BDS,PSA
BDS,STN
BDS,TRN
BDS,TSF
BES,DUB
BES,LTN
BES,MRS
BGY,AGP
BGY,AHO
BGY,ALC
BGY,BDS
BGY,BLL
BGY,BRE
BGY,BRI
BGY,BRS
BGY,BTS
BGY,BVA
BGY,CAG
BGY,CIA
BGY,CRL
BGY,DUB
BGY,EIN
BGY,EMA
BGY,FAO
BGY,FUE
BGY,GRO
BGY,GRX
BGY,GSE
BGY,HHN
BGY,IBZ
BGY,ILD
BGY,KGS
BGY,KRK
BGY,KUN
BGY,LBC
BGY,LPL
BGY,MAD
BGY,NRN
BGY,NYO
BGY,OPO
BGY,PIK
BGY,PMO
BGY,POZ
BGY,PSR
BGY,REU
BGY,RHO
BGY,RIX
BGY,SDR
BGY,STN
BGY,SUF
BGY,SVQ
BGY,SXF
BGY,TFS
BGY,TMP
BGY,TPS
BGY,TRF
BGY,VLC
BGY,VLL
BGY,VOL
BGY,WRO
BGY,ZAZ
BHD,BRS
BHD,EMA
BHD,LPL
BHD,PIK
BHD,STN
BHX,ACE
BHX,AGP
BHX,ALC
BHX,BIQ
BHX,BTS
BHX,BZG
BHX,DUB
BHX,FAO
BHX,GDN
BHX,GRO
BHX,IBZ
BHX,KRK
BHX,KTW
BHX,KUN
BHX,LDY
BHX,LPA
BHX,MJV
BHX,NRN
BHX,OPO
BHX,PMI
BHX,REU
BHX,RZE
BHX,TFS
BHX,TRS
BIQ,BHX
BIQ,DUB
BIQ,MRS
BIQ,STN
BLL,AGP
BLL,AHO
BLL,ALC
BLL,BDS
BLL,BGY
BLL,CIA
BLL,EDI
BLL,FAO
BLL,GRO
BLL,MLA
BLL,MRS
BLL,PSA
BLL,STN
BLL,TPS
BLQ,AGP
BLQ,ALC
BLQ,BDS
BLQ,BOD
BLQ,BRI
BLQ,BTS
BLQ,BVA
BLQ,CND
BLQ,CRL
BLQ,DUB
BLQ,EDI
BLQ,GRO
BLQ,GRX
BLQ,HHN
BLQ,IBZ
BLQ,KTW
BLQ,MAD
BLQ,MLA
BLQ,NRN
BLQ,STN
BLQ,SUF
BLQ,SVQ
BLQ,TPS
BLQ,TRF
BLQ,VLC
BLQ,WRO
BOD,BLQ
BOD,CRL
BOD,EDI
BOD,OPO
BOD,ORK
BOH,ACE
BOH,AGP
BOH,ALC
BOH,DUB
BOH,FAO
BOH,FUE
BOH,GRO
BOH,IBZ
BOH,LPA
BOH,MJV
BOH,MLA
BOH,PMI
BOH,PSA
BOH,TFS
BOH,VLC
BRE,AGP
BRE,AHO
BRE,ALC
BRE,BGY
BRE,EDI
BRE,FAO
BRE,FMM
BRE,GDN
BRE,GRO
BRE,HAU
BRE,KUN
BRE,LPL
BRE,NYO
BRE,PMI
BRE,RIX
BRE,STN
BRE,SXF
BRE,TMP
BRE,TPS
BRE,TRF
BRE,TSF
BRE,ZAD
BRI,BGY
BRI,BLQ
BRI,BTS
BRI,BVA
BRI,CAG
BRI,CRL
BRI,FKB
BRI,GOA
BRI,HHN
BRI,MLA
BRI,NRN
BRI,PSA
BRI,STN
BRI,TPS
BRI,TRN
BRI,TSF
BRI,VLC
BRI,ZAD
BRQ,STN
BRS,ACE
BRS,AGP
BRS,ALC
BRS,BGY
BRS,BHD
BRS,BTS
BRS,BUD
BRS,BZR
BRS,DUB
BRS,EGC
BRS,FAO
BRS,GDN
BRS,GRO
BRS,KUN
BRS,LIG
BRS,LPA
BRS,MLA
BRS,NOC
BRS,OPO
BRS,PMI
BRS,POZ
BRS,REU
BRS,RIX
BRS,RMI
BRS,RZE
BRS,SVQ
BRS,TFS
BRS,TSF
BRS,VLC
BRS,WRO
BTS,AGP
BTS,AHO
BTS,ALC
BTS,BGY
BTS,BHX
BTS,BLQ
BTS,BRI
BTS,BRS
BTS,BVA
BTS,CIA
BTS,CRL
BTS,DUB
BTS,EDI
BTS,GRO
BTS,LPL
BTS,LTN
BTS,NYO
BTS,PMI
BTS,PSA
BTS,STN
BTS,TPS
BUD,BRS
BUD,DUB
BUD,EMA
BUD,PIK
BVA,AGP
BVA,ALC
BVA,BGY
BVA,BLQ
BVA,BRI
BVA,BTS
BVA,CAG
BVA,CIA
BVA,DUB
BVA,EDI
BVA,FAO
BVA,GRO
BVA,KUN
BVA,MAD
BVA,MRS
BVA,NYO
BVA,OPO
BVA,PIK
BVA,PSA
BVA,PUF
BVA,REU
BVA,RYG
BVA,SNN
BVA,TPS
BVA,TSF
BVA,ZAZ
BZG,BHX
BZG,DUB
BZG,NRN
BZG,STN
BZR,BRS
BZR,LTN
BZR,NRN
BZR,NYO
CAG,BGY
CAG,BRI
CAG,BVA
CAG,CIA
CAG,CRL
CAG,CUF
CAG,FKB
CAG,GOA
CAG,GRO
CAG,HHN
CAG,MAD
CAG,MRS
CAG,NRN
CAG,PSA
CAG,PSR
CAG,SVQ
CAG,TPS
CAG,TRS
CAG,TSF
CAG,VBS
CAG,VLC
CCF,CRL
CCF,DUB
CCF,EMA
CCF,LBA
CCF,LPL
CCF,OPO
CCF,ORK
CCF,PIK
CCF,STN
CIA,AHO
CIA,BGY
CIA,BLL
CIA,BTS
CIA,BVA
CIA,CAG
CIA,CRL
CIA,DUB
CIA,EDI
CIA,EIN
CIA,EMA
CIA,FKB
CIA,GRO
CIA,HHN
CIA,IBZ
CIA,KRK
CIA,LPL
CIA,MAD
CIA,NRN
CIA,NYO
CIA,PIK
CIA,SCQ
CIA,SDR
CIA,STN
CIA,SVQ
CIA,TPS
CIA,TRF
CIA,VLC
CIA,WRO
CIA,ZAZ
CND,BLQ
CND,PSA
CQM,STN
CRL,ACE
CRL,AGP
CRL,ALC
CRL,AOI
CRL,BDS
CRL,BGY
CRL,BLQ
CRL,BOD
CRL,BRI
CRL,BTS
CRL,CAG
CRL,CCF
CRL,CIA
CRL,DUB
CRL,EDI
CRL,EGC
CRL,FAO
CRL,FNI
CRL,FSC
CRL,FUE
CRL,GRO
CRL,IBZ
CRL,KRK
CRL,KUN
CRL,LPA
CRL,LRH
CRL,MAD
CRL,MPL
CRL,MRS
CRL,NYO
CRL,OPO
CRL,PGF
CRL,PIK
CRL,PMI
CRL,PSA
CRL,PUF
CRL,REU
CRL,RIX
CRL,RYG
CRL,SDR
CRL,SVQ
CRL,TFS
CRL,TPS
CRL,TRN
CRL,TRS
CRL,TSF
CRL,VLC
CRL,VLL
CRL,WRO
CRL,ZAD
CRL,ZAZ
CUF,CAG
DNR,EMA
DNR,STN
DSA,ALC
DUB,ABZ
DUB,ACE
DUB,AGP
DUB,AHO
DUB,ALC
DUB,BES
DUB,BGY
DUB,BHX
DUB,BIQ
DUB,BLQ
DUB,BOH
DUB,BRS
DUB,BTS
DUB,BUD
DUB,BVA
DUB,BZG
DUB,CCF
DUB,CIA
DUB,CRL
DUB,EDI
DUB,EIN
DUB,EMA
DUB,FAO
DUB,FMM
DUB,FUE
DUB,GDN
DUB,GNB
DUB,GRO
DUB,HHN
DUB,KIR
DUB,KRK
DUB,KTW
DUB,KUN
DUB,LBA
DUB,LEI
DUB,LGW
DUB,LPA
DUB,LPL
DUB,LRH
DUB,LTN
DUB,MAD
DUB,MAN
DUB,MJV
DUB,MLA
DUB,MRS
DUB,NCE
DUB,NCL
DUB,NTE
DUB,NYO
DUB,OPO
DUB,ORK
DUB,PIK
DUB,PMI
DUB,POZ
DUB,PRG
DUB,PSA
DUB,RDZ
DUB,REU
DUB,RIX
DUB,RYG
DUB,RZE
DUB,SDR
DUB,STN
DUB,SVQ
DUB,SXF
DUB,SZZ
DUB,TFS
DUB,TPS
DUB,TSF
DUB,TUF
DUB,VLC
DUB,WRO
DUB,ZAD
EBU,OPO
EDI,ACE
EDI,AGP
EDI,ALC
EDI,BLL
EDI,BLQ
EDI,BOD
EDI,BRE
EDI,BTS
EDI,BVA
EDI,CIA
EDI,CRL
EDI,DUB
EDI,FAO
EDI,FMM
EDI,GDN
EDI,GRO
EDI,HHN
EDI,KRK
EDI,KUN
EDI,LBC
EDI,LCJ
EDI,LPA
EDI,MLA
EDI,MRS
EDI,NRN
EDI,NYO
EDI,PIS
EDI,PMI
EDI,POZ
EDI,PSA
EDI,SNN
EDI,SXF
EDI,TFS
EDI,TMP
EDI,TRF
EDI,ZAD
EGC,BRS
EGC,CRL
EGC,EMA
EGC,LPL
EGC,STN
EIN,AGP
EIN,AHO
EIN,ALC
EIN,BDS
EIN,BGY
EIN,CIA
EIN,DUB
EIN,FAO
EIN,GRO
EIN,MAD
EIN,MRS
EIN,NYO
EIN,OPO
EIN,PSA
EIN,PSR
EIN,REU
EIN,RYG
EIN,STN
EIN,TPS
EMA,ACE
EMA,AGP
EMA,ALC
EMA,BGY
EMA,BHD
EMA,BUD
EMA,CCF
EMA,CIA
EMA,DNR
EMA,DUB
EMA,EGC
EMA,FAO
EMA,FUE
EMA,GRO
EMA,IBZ
EMA,KRK
EMA,LCJ
EMA,LIG
EMA,LPA
EMA,MJV
EMA,NOC
EMA,NTE
EMA,PMI
EMA,PSA
EMA,REU
EMA,RIX
EMA,RMI
EMA,RZE
EMA,SXF
EMA,TFS
EMA,TSF
EMA,VLC
EMA,WRO
FAO,BGY
FAO,BHX
FAO,BLL
FAO,BOH
FAO,BRE
FAO,BRS
FAO,BVA
FAO,CRL
FAO,DUB
FAO,EDI
FAO,EIN
FAO,EMA
FAO,FMM
FAO,HHN
FAO,KIR
FAO,LBA
FAO,LBC
FAO,LDY
FAO,LPL
FAO,MAD
FAO,MRS
FAO,MST
FAO,NOC
FAO,NRN
FAO,NYO
FAO,OPO
FAO,ORK
FAO,PIK
FAO,RYG
FAO,STN
FKB,ALC
FKB,BRI
FKB,CAG
FKB,CIA
FKB,GRO
FKB,NYO
FKB,OPO
FKB,STN
FKB,TPS
FMM,AGP
FMM,AHO
FMM,ALC
FMM,BRE
FMM,DUB
FMM,EDI
FMM,FAO
FMM,GRO
FMM,NYO
FMM,PSA
FMM,REU
FMM,RYG
FMM,STN
FMM,TPS
FNI,CRL
FNI,LPL
FNI,LTN
FSC,CRL
FSC,STN
FUE,BGY
FUE,BOH
FUE,CRL
FUE,DUB
FUE,EMA
FUE,HHN
FUE,LPL
FUE,MAD
FUE,NRN
FUE,PIK
FUE,PSA
FUE,STN
GDN,ALC
GDN,BHX
GDN,BRE
GDN,BRS
GDN,DUB
GDN,EDI
GDN,GRO
GDN,HHN
GDN,NRN
GDN,RYG
GDN,STN
GNB,DUB
GOA,BRI
GOA,CAG
GOA,STN
GOA,TPS
GRO,AAR
GRO,ACE
GRO,AGP
GRO,AHO
GRO,AOC
GRO,BDS
GRO,BGY
GRO,BHX
GRO,BLL
GRO,BLQ
GRO,BOH
GRO,BRE
GRO,BRS
GRO,BTS
GRO,BVA
GRO,CAG
GRO,CIA
GRO,CRL
GRO,DUB
GRO,EDI
GRO,EIN
GRO,EMA
GRO,FKB
GRO,FMM
GRO,GDN
GRO,GSE
GRO,HHN
GRO,IBZ
GRO,KUN
GRO,LBA
GRO,LBC
GRO,LGW
GRO,LIL
GRO,LPA
GRO,LPL
GRO,LTN
GRO,MAD
GRO,MLA
GRO,MST
GRO,NCL
GRO,NRN
GRO,NYO
GRO,OPO
GRO,PEG
GRO,PIK
GRO,PIS
GRO,PMI
GRO,POZ
GRO,PSA
GRO,PSR
GRO,RYG
GRO,STN
GRO,SVQ
GRO,TFS
GRO,TPS
GRO,TRF
GRO,TRN
GRO,TSF
GRO,VST
GRO,WRO
GRX,BGY
GRX,BLQ
GRZ,STN
GSE,AGP
GSE,AHO
GSE,ALC
GSE,BGY
GSE,GRO
GSE,HHN
GSE,MRS
GSE,NRN
GSE,PIK
GSE,PSA
GSE,STN
GSE,TPS
HAU,AGP
HAU,ALC
HAU,BRE
HAU,STN
HHN,ACE
HHN,AGP
HHN,AHO
HHN,ALC
HHN,BGY
HHN,BLQ
HHN,BRI
HHN,CAG
HHN,CIA
HHN,DUB
HHN,EDI
HHN,FAO
HHN,FUE
HHN,GDN
HHN,GRO
HHN,GSE
HHN,IBZ
HHN,ILD
HHN,KGS
HHN,KIR
HHN,KLU
HHN,KUN
HHN,LPA
HHN,MAD
HHN,MPL
HHN,NYO
HHN,OPO
HHN,OSI
HHN,PMI
HHN,PSA
HHN,PSR
HHN,PUY
HHN,REU
HHN,RIX
HHN,RMI
HHN,SCQ
HHN,SDR
HHN,STN
HHN,SVQ
HHN,SXF
HHN,TFS
HHN,TMP
HHN,TPS
HHN,TRF
HHN,TSF
HHN,VLC
HHN,VOL
HHN,WRO
HHN,XRY
HHN,ZAD
IBZ,BGY
IBZ,BHX
IBZ,BLQ
IBZ,BOH
IBZ,CIA
IBZ,CRL
IBZ,EMA
IBZ,GRO
IBZ,HHN
IBZ,LBA
IBZ,LPL
IBZ,NRN
IBZ,PIK
IBZ,PSA
IBZ,STN
IBZ,TPS
IBZ,TRN
IBZ,TSF
ILD,BGY
ILD,HHN
KGS,BGY
KGS,HHN
KIR,ALC
KIR,DUB
KIR,FAO
KIR,HHN
KIR,LTN
KIR,NRN
KIR,STN
KLU,HHN
KLU,STN
KRK,AGP
KRK,ALC
KRK,BGY
KRK,BHX
KRK,CIA
KRK,CRL
KRK,DUB
KRK,EDI
KRK,EMA
KRK,LBA
KRK,LPL
KRK,MLA
KRK,NRN
KRK,NYO
KRK,PSA
KRK,REU
KRK,RYG
KRK,STN
KRK,TPS
KTW,BHX
KTW,BLQ
KTW,DUB
KTW,STN
KUN,BGY
KUN,BHX
KUN,BRE
KUN,BRS
KUN,BVA
KUN,CRL
KUN,DUB
KUN,EDI
KUN,GRO
KUN,HHN
KUN,LGW
KUN,LPL
KUN,LTN
KUN,NRN
KUN,RYG
KUN,STN
KUN,SXF
KUN,TMP
LBA,AGP
LBA,ALC
LBA,CCF
LBA,DUB
LBA,FAO
LBA,GRO
LBA,IBZ
LBA,KRK
LBA,LIG
LBA,MJV
LBA,MLA
LBA,MPL
LBA,NOC
LBA,NTE
LBA,PMI
LBA,PSA
LBA,TSF
LBC,ALC
LBC,BGY
LBC,EDI
LBC,FAO
LBC,GRO
LBC,NYO
LBC,PMI
LBC,PSA
LBC,STN
LCJ,DUB
LCJ,EDI
LCJ,EMA
LCJ,LPL
LCJ,STN
LDY,ALC
LDY,BHX
LDY,FAO
LDY,LPL
LDY,PIK
LDY,STN
LEI,DUB
LEI,MAD
LEI,NRN
LEI,STN
LGW,ALC
LGW,DUB
LGW,GRO
LGW,KUN
LGW,MAD
LGW,NYO
LGW,ORK
LGW,SNN
LIG,BRS
LIG,EMA
LIG,LBA
LIG,LPL
LIG,STN
LIL,GRO
LIL,MRS
LIL,OPO
LNZ,STN
LPA,BHX
LPA,BOH
LPA,BRS
LPA,CRL
LPA,DUB
LPA,EDI
LPA,EMA
LPA,GRO
LPA,HHN
LPA,LPL
LPA,LTN
LPA,MAD
LPA,NRN
LPA,OPO
LPA,PIK
LPA,PSA
LPA,STN
LPL,ACE
LPL,AGP
LPL,ALC
LPL,BGY
LPL,BHD
LPL,BRE
LPL,BTS
LPL,CCF
LPL,CIA
LPL,DUB
LPL,EGC
LPL,FAO
LPL,FNI
LPL,FUE
LPL,GRO
LPL,IBZ
LPL,KRK
LPL,KUN
LPL,LCJ
LPL,LDY
LPL,LIG
LPL,LPA
LPL,MJV
LPL,NOC
LPL,NYO
LPL,OPO
LPL,ORK
LPL,PMI
LPL,POZ
LPL,PSA
LPL,REU
LPL,RIX
LPL,RMI
LPL,RZE
LPL,SNN
LPL,SVQ
LPL,SZZ
LPL,TFS
LPL,TPS
LPL,TRF
LPL,TSF
LPL,WRO
LPP,NRN
LRH,CRL
LRH,DUB
LRH,ORK
LRH,RYG
LRH,STN
LTN,ACE
LTN,BES
LTN,BTS
LTN,BZR
LTN,DUB
LTN,FNI
LTN,GRO
LTN,KIR
LTN,KUN
LTN,LPA
LTN,MJV
LTN,MLA
LTN,NOC
LTN,REU
LTN,RZE
LTN,TFS
LTN,TPS
MAD,ACE
MAD,AHO
MAD,ALC
MAD,BGY
MAD,BLQ
MAD,BVA
MAD,CAG
MAD,CIA
MAD,CRL
MAD,DUB
MAD,EIN
MAD,FAO
MAD,FUE
MAD,GRO
MAD,HHN
MAD,LEI
MAD,LGW
MAD,LPA
MAD,MLA
MAD,MRS
MAD,OPO
MAD,PMI
MAD,PSA
MAD,RYG
MAD,SCQ
MAD,SDR
MAD,STN
MAD,TFS
MAD,TPS
MAD,TRN
MAD,VLC
MAD,XRY
MAN,DUB
MJV,BHX
MJV,BOH
MJV,DUB
MJV,EMA
MJV,LBA
MJV,LPL
MJV,LTN
MJV,PIK
MJV,STN
MLA,BLL
MLA,BLQ
MLA,BOH
MLA,BRI
MLA,BRS
MLA,DUB
MLA,EDI
MLA,GRO
MLA,KRK
MLA,LBA
MLA,LTN
MLA,MAD
MLA,MRS
MLA,NYO
MLA,PSA
MLA,SVQ
MLA,TPS
MLA,TSF
MLA,VLC
MME,ALC
MPL,CRL
MPL,HHN
MPL,LBA
MRS,AGP
MRS,BES
MRS,BIQ
MRS,BLL
MRS,BVA
MRS,CAG
MRS,CRL
MRS,DUB
MRS,EDI
MRS,EIN
MRS,FAO
MRS,GSE
MRS,LIL
MRS,MAD
MRS,MLA
MRS,NTE
MRS,NYO
MRS,OPO
MRS,STN
MRS,TRF
MRS,TUF
MST,AGP
MST,ALC
MST,FAO
MST,GRO
MST,PSA
MST,REU
MST,TPS
NCE,DUB
NCL,DUB
NCL,GRO
NCL,RYG
NOC,ALC
NOC,BRS
NOC,EMA
NOC,FAO
NOC,LBA
NOC,LPL
NOC,LTN
NOC,REU
NOC,STN
NQY,ALC
NRK,ALC
NRN,ACE
NRN,AGP
NRN,AHO
NRN,ALC
NRN,AOI
NRN,BGY
NRN,BHX
NRN,BLQ
NRN,BRI
NRN,BZG
NRN,BZR
NRN,CAG
NRN,CIA
NRN,EDI
NRN,FAO
NRN,FUE
NRN,GDN
NRN,GRO
NRN,GSE
NRN,IBZ
NRN,KIR
NRN,KRK
NRN,KUN
NRN,LEI
NRN,LPA
NRN,LPP
NRN,NYO
NRN,OPO
NRN,PMI
NRN,PSA
NRN,REU
NRN,RIX
NRN,RYG
NRN,SDR
NRN,STN
NRN,SUF
NRN,SVQ
NRN,SXF
NRN,TFS
NRN,TPS
NRN,TRS
NRN,TSF
NRN,VLC
NRN,VLL
NRN,VXO
NRN,WRO
NRN,ZAD
NRN,ZAZ
NTE,DUB
NTE,EMA
NTE,LBA
NTE,MRS
NTE,SNN
NYO,AGP
NYO,AHO
NYO,ALC
NYO,BGY
NYO,BRE
NYO,BTS
NYO,BVA
NYO,BZR
NYO,CIA
NYO,CRL
NYO,DUB
NYO,EDI
NYO,EIN
NYO,FAO
NYO,FKB
NYO,FMM
NYO,GRO
NYO,HHN
NYO,KRK
NYO,LBC
NYO,LGW
NYO,LPL
NYO,MLA
NYO,MRS
NYO,NRN
NYO,PMI
NYO,PRG
NYO,PSA
NYO,RIX
NYO,RMI
NYO,STN
NYO,SXF
NYO,TPS
NYO,TSF
NYO,XCR
NYO,ZAD
OPO,BGY
OPO,BHX
OPO,BOD
OPO,BRS
OPO,BVA
OPO,CCF
OPO,CRL
OPO,DUB
OPO,EBU
OPO,EIN
OPO,FAO
OPO,FKB
OPO,GRO
OPO,HHN
OPO,LIL
OPO,LPA
OPO,LPL
OPO,MAD
OPO,MRS
OPO,NRN
OPO,PSA
OPO,STN
OPO,TFS
OPO,TUF
ORK,ACE
ORK,AGP
ORK,ALC
ORK,BOD
ORK,CCF
ORK,DUB
ORK,FAO
ORK,LGW
ORK,LPL
ORK,LRH
ORK,REU
ORK,STN
OSI,HHN
PEG,GRO
PEG,STN
PGF,CRL
PGF,STN
PIK,ACE
PIK,AGP
PIK,ALC
PIK,BGY
PIK,BHD
PIK,BUD
PIK,BVA
PIK,CCF
PIK,CIA
PIK,CRL
PIK,DUB
PIK,FAO
PIK,FUE
PIK,GRO
PIK,GSE
PIK,IBZ
PIK,LDY
PIK,LPA
PIK,MJV
PIK,PMI
PIK,PSA
PIK,REU
PIK,RIX
PIK,STN
PIK,TFS
PIK,WRO
PIS,EDI
PIS,GRO
PIS,STN
PMF,AHO
PMF,STN
PMI,ALC
PMI,BHX
PMI,BOH
PMI,BRE
PMI,BRS
PMI,BTS
PMI,CRL
PMI,DUB
PMI,EDI
PMI,EMA
PMI,GRO
PMI,HHN
PMI,LBA
PMI,LBC
PMI,LPL
PMI,MAD
PMI,NRN
PMI,NYO
PMI,PIK
PMI,REU
PMI,RYG
PMI,SNN
PMI,STN
PMO,BGY
PMO,PSA
POZ,ALC
POZ,BGY
POZ,BRS
POZ,DUB
POZ,EDI
POZ,GRO
POZ,LPL
POZ,REU
POZ,STN
PRG,DUB
PRG,NYO
PSA,AGP
PSA,AHO
PSA,ALC
PSA,BDS
PSA,BLL
PSA,BOH
PSA,BRI
PSA,BTS
PSA,BVA
PSA,CAG
PSA,CND
PSA,CRL
PSA,DUB
PSA,EDI
PSA,EIN
PSA,EMA
PSA,FMM
PSA,FUE
PSA,GRO
PSA,GSE
PSA,HHN
PSA,IBZ
PSA,KRK
PSA,LBA
PSA,LBC
PSA,LPA
PSA,LPL
PSA,MAD
PSA,MLA
PSA,MST
PSA,NRN
PSA,NYO
PSA,OPO
PSA,PIK
PSA,PMO
PSA,REU
PSA,RHO
PSA,SDR
PSA,STN
PSA,SUF
PSA,SVQ
PSA,TPS
PSA,TRF
PSA,VLC
PSA,ZAD
PSR,BGY
PSR,CAG
PSR,EIN
PSR,GRO
PSR,HHN
PSR,STN
PSR,TRF
PUF,BVA
PUF,CRL
PUF,STN
PUY,HHN
PUY,STN
RDZ,DUB
RDZ,STN
REU,BGY
REU,BHX
REU,BRS
REU,BVA
REU,CRL
REU,DUB
REU,EIN
REU,EMA
REU,FMM
REU,HHN
REU,KRK
REU,LPL
REU,LTN
REU,MST
REU,NOC
REU,NRN
REU,ORK
REU,PIK
REU,PMI
REU,POZ
REU,PSA
REU,SCQ
REU,SDR
REU,STN
REU,SVQ
REU,TSF
RHO,BGY
RHO,PSA
RIX,BGY
RIX,BRE
RIX,BRS
RIX,CRL
RIX,DUB
RIX,EMA
RIX,HHN
RIX,LPL
RIX,NRN
RIX,NYO
RIX,PIK
RIX,RYG
RIX,STN
RIX,TMP
RMI,BRS
RMI,EMA
RMI,HHN
RMI,LPL
RMI,NYO
RMI,STN
RYG,AAR
RYG,AGP
RYG,ALC
RYG,BVA
RYG,CRL
RYG,DUB
RYG,EIN
RYG,FAO
RYG,FMM
RYG,GDN
RYG,GRO
RYG,KRK
RYG,KUN
RYG,LRH
RYG,MAD
RYG,NCL
RYG,NRN
RYG,PMI
RYG,RIX
RYG,STN
RYG,SXF
RYG,TSF
RYG,VLC
RYG,WRO
RYG,XCR
RYG,ZAD
RZE,BHX
RZE,BRS
RZE,DUB
RZE,EMA
RZE,LPL
RZE,LTN
RZE,STN
SCQ,AGP
SCQ,ALC
SCQ,CIA
SCQ,HHN
SCQ,MAD
SCQ,REU
SCQ,STN
SDR,AGP
SDR,ALC
SDR,BGY
SDR,CIA
SDR,CRL
SDR,DUB
SDR,HHN
SDR,MAD
SDR,NRN
SDR,PSA
SDR,REU
SDR,STN
SNN,AGP
SNN,BVA
SNN,EDI
SNN,LGW
SNN,LPL
SNN,NTE
SNN,PMI
SNN,STN
SNN,TFS
SNN,WRO
STN,AAR
STN,ACE
STN,AGP
STN,AHO
STN,ALC
STN,AOC
STN,AOI
STN,BDS
STN,BGY
STN,BHD
STN,BIQ
STN,BLL
STN,BLQ
STN,BRE
STN,BRI
STN,BRQ
STN,BTS
STN,BZG
STN,CCF
STN,CIA
STN,CQM
STN,DNR
STN,DUB
STN,EGC
STN,EIN
STN,FAO
STN,FKB
STN,FMM
STN,FSC
STN,FUE
STN,GDN
STN,GOA
STN,GRO
STN,GRZ
STN,GSE
STN,HAU
STN,HHN
STN,IBZ
STN,KIR
STN,KLU
STN,KRK
STN,KTW
STN,KUN
STN,LBC
STN,LCJ
STN,LDY
STN,LEI
STN,LIG
STN,LNZ
STN,LPA
STN,LRH
STN,MAD
STN,MJV
STN,MRS
STN,NOC
STN,NRN
STN,NYO
STN,OPO
STN,ORK
STN,PEG
STN,PGF
STN,PIK
STN,PIS
STN,PMF
STN,PMI
STN,POZ
STN,PSA
STN,PSR
STN,PUF
STN,PUY
STN,RDZ
STN,REU
STN,RIX
STN,RMI
STN,RYG
STN,RZE
STN,SCQ
STN,SDR
STN,SNN
STN,SVQ
STN,SXF
STN,SZG
STN,SZZ
STN,TFS
STN,TLN
STN,TMP
STN,TPS
STN,TRF
STN,TRN
STN,TRS
STN,TSF
STN,TUF
STN,VBS
STN,VLC
STN,VLL
STN,VST
STN,WRO
STN,XRY
STN,ZAD
STN,ZAZ
SUF,BGY
SUF,BLQ
SUF,NRN
SUF,PSA
SVQ,ALC
SVQ,BGY
SVQ,BLQ
SVQ,BRS
SVQ,CAG
SVQ,CIA
SVQ,CRL
SVQ,DUB
SVQ,GRO
SVQ,HHN
SVQ,LPL
SVQ,MLA
SVQ,NRN
SVQ,PSA
SVQ,REU
SVQ,STN
SXF,AGP
SXF,BGY
SXF,BRE
SXF,DUB
SXF,EDI
SXF,EMA
SXF,HHN
SXF,KUN
SXF,NRN
SXF,NYO
SXF,RYG
SXF,STN
SZG,STN
SZZ,DUB
SZZ,LPL
SZZ,STN
TFS,BGY
TFS,BHX
TFS,BOH
TFS,BRS
TFS,CRL
TFS,DUB
TFS,EDI
TFS,EMA
TFS,GRO
TFS,HHN
TFS,LPL
TFS,LTN
TFS,MAD
TFS,NRN
TFS,OPO
TFS,PIK
TFS,SNN
TFS,STN
TLN,STN
TMP,AGP
TMP,BGY
TMP,BRE
TMP,EDI
TMP,HHN
TMP,KUN
TMP,RIX
TMP,STN
TPS,AOI
TPS,BGY
TPS,BLL
TPS,BLQ
TPS,BRE
TPS,BRI
TPS,BTS
TPS,BVA
TPS,CAG
TPS,CIA
TPS,CRL
TPS,DUB
TPS,EIN
TPS,FKB
TPS,FMM
TPS,GOA
TPS,GRO
TPS,GSE
TPS,HHN
TPS,IBZ
TPS,KRK
TPS,LPL
TPS,LTN
TPS,MAD
TPS,MLA
TPS,MST
TPS,NRN
TPS,NYO
TPS,PSA
TPS,STN
TPS,TRF
TPS,TRN
TPS,TRS
TPS,TSF
TPS,VLC
TRF,AGP
TRF,AHO
TRF,ALC
TRF,BGY
TRF,BLQ
TRF,BRE
TRF,CIA
TRF,EDI
TRF,GRO
TRF,HHN
TRF,LPL
TRF,MRS
TRF,PSA
TRF,PSR
TRF,STN
TRF,TPS
TRN,BDS
TRN,BRI
TRN,CRL
TRN,GRO
TRN,IBZ
TRN,MAD
TRN,STN
TRN,TPS
TRS,BHX
TRS,CAG
TRS,CRL
TRS,NRN
TRS,STN
TRS,TPS
TSF,AGP
TSF,AHO
TSF,ALC
TSF,BDS
TSF,BRE
TSF,BRI
TSF,BRS
TSF,BVA
TSF,CAG
TSF,CRL
TSF,DUB
TSF,EMA
TSF,GRO
TSF,HHN
TSF,IBZ
TSF,LBA
TSF,LPL
TSF,MLA
TSF,NRN
TSF,NYO
TSF,REU
TSF,RYG
TSF,STN
TSF,TPS
TUF,DUB
TUF,MRS
TUF,OPO
TUF,STN
VBS,CAG
VBS,STN
VLC,AGP
VLC,BGY
VLC,BLQ
VLC,BOH
VLC,BRI
VLC,BRS
VLC,CAG
VLC,CIA
VLC,CRL
VLC,DUB
VLC,EMA
VLC,HHN
VLC,MAD
VLC,MLA
VLC,NRN
VLC,PSA
VLC,RYG
VLC,STN
VLC,TPS
VLL,AGP
VLL,ALC
VLL,BGY
VLL,CRL
VLL,NRN
VLL,STN
VOL,BGY
VOL,HHN
VST,ALC
VST,GRO
VST,STN
VXO,ALC
VXO,NRN
WRO,AGP
WRO,ALC
WRO,BGY
WRO,BLQ
WRO,BRS
WRO,CIA
WRO,CRL
WRO,DUB
WRO,EMA
WRO,GRO
WRO,HHN
WRO,LPL
WRO,NRN
WRO,PIK
WRO,RYG
WRO,SNN
WRO,STN
XCR,NYO
XCR,RYG
XRY,HHN
XRY,MAD
XRY,STN
ZAD,BRE
ZAD,BRI
ZAD,CRL
ZAD,DUB
ZAD,EDI
ZAD,HHN
ZAD,NRN
ZAD,NYO
ZAD,PSA
ZAD,RYG
ZAD,STN
ZAZ,AGP
ZAZ,ALC
ZAZ,BGY
ZAZ,BVA
ZAZ,CIA
ZAZ,CRL
ZAZ,NRN
ZAZ,STN